"Index","Scale","Manufacturer","Type","Partno","Prototype","Description","Roadname","Repmark","Number","Options","CarLength","CarWidth","CoupledLength","TruckCenter","Color","PurchPrice","CurrPrice","Condition","PurchDate","ServiceDate","Notes"
1,"N","Atlas",10101,,"GP38",,"L&N","L&N","4148",3,4.125,0.762,4.525,2.550,12632256,,,,,,
2,"N","Atlas",10101,,"GP38",,"Missouri Pacific","MP","0000",3,4.125,0.762,4.525,2.550,160,,,,,,
3,"N","Walthers",10101,,"GP38",,"Family Lines","CRR","6003",3,4.125,0.762,4.525,2.550,8421504,,,,,,
4,"N","Walthers",10101,,"GP38",,"Family Lines","CRR","6003",3,4.125,0.762,4.525,2.550,8421504,,,,,,
5,"N","Walthers",10101,,"GP38",,"Seaboard System","SBD","2690",7,4.125,0.762,4.525,2.550,8421504,,,,,,
6,"N","Atlas",10101,,"GP40",,"L&N","L&N","3002",3,4.125,0.762,4.525,2.550,12632256,,,,,,
7,"N","Atlas",10101,,"GP40",,"L&N","L&N","3012",3,4.125,0.762,4.525,2.550,12632256,,,,,,
8,"N","Kato",10101,,"GP40-2",,"Missouri Pacific","MP","3524",259,4.125,0.762,4.525,2.550,160,,,,,,"Actually a GP50.."
9,"N","Atlas",10101,,"GP9",,"L&N","L&N","507",3,3.900,0.750,4.300,2.925,12632256,,,,,,
10,"N","Kato",10101,,"SD40",,"Clinchfield","CRR","3024",3,4.612,0.762,5.013,3.000,,,,,,,
11,"N","Kato",10101,,"SD40-2",,"Family Lines","L&N","8123",3,4.850,0.769,5.250,3.263,8421504,,,,,,
12,"N","Kato",10101,,"SD40",,"Seaboard Coast Line","SCL","8312",3,4.612,0.762,5.013,3.000,,,,,,,
13,"N","Kato",10101,,"SD40",,"Union Pacific","UP","3039",3,4.612,0.762,5.013,3.000,16777088,,,,,,
14,"N","Kato",10101,,"SD40-2",,"CSX","CSX","8186",3,4.850,0.769,5.250,3.263,12632256,,,,,,
15,"N","Kato",10101,,"SD40-2",,"CSX","CSX","8186",3,4.850,0.769,5.250,3.263,12632256,,,,,,
16,"N","Kato",10101,,"SD40-2",,"Family Lines","SCL","8210",3,4.850,0.769,5.250,3.263,8421504,,,,,,
17,"N","Kato",10101,,"SD40-2",,"Santa Fe","SF","5027",3,4.850,0.769,5.250,3.263,16512,,,,,,
18,"N","Atlas",10101,,"SD50",,"Seaboard System","SBD","0000",3,5.025,0.750,5.425,3.425,8421504,,,,,,
19,"N","Atlas",10101,,"U23B",,"Family Lines","L&N","5118",259,4.188,0.762,4.588,2.712,8421504,,,,,,"Actually a B23-7... "
20,"N","Atlas",10101,,"U23B",,"Family Lines","L&N","0000",259,4.188,0.762,4.588,2.712,8421504,,,,,,"Actually a B23-7..."
21,"N","Atlas",10101,,"U23B",,"Family Lines","L&N","0000",259,4.188,0.762,4.588,2.712,8421504,,,,,,"Actually a B23-7...."
22,"N","Kato",10101,,"C30-7",,"Family Lines","L&N","0000",3,4.719,0.744,5.119,3.069,8421504,,,,,,
23,"N","Kato",10101,,"C30-7",,"Family Lines","L&N","7012",3,4.719,0.744,5.119,3.069,8421504,,,,,,
24,"N","Kato",10101,,"C30-7",,"Family Lines","SCL","7087",3,4.719,0.744,5.119,3.069,8421504,,,,,,
25,"N","Kato",10101,,"U30C",,"Seaboard System","SBD","7272",3,4.719,0.750,5.119,3.069,8421504,,,,,,
26,"N","Kato",10101,,"U30C",,"Seaboard System","SBD","7272",3,4.719,0.750,5.119,3.069,8421504,,,,,,
27,"N","Kato",10101,,"U30C",,"Seaboard System","SBD","7272",3,4.719,0.750,5.119,3.069,8421504,,,,,,
28,"N","Kato",10101,,"U30C",,"Seaboard System","SBD","7272",3,4.719,0.750,5.119,3.069,8421504,,,,,,
29,"N","Precision Masters",30100,,"Hopper, Covered, 50'","Covered Hopper","Finch Elevator","ADEX","510",,3.750,0.750,4.150,3.000,12632256,,,,,,
30,"N","Precision Masters",30100,,"Hopper, Covered, 50'","Covered Hopper","Peavey","PVFR","761",,3.750,0.750,4.150,3.000,12632256,,,,,,
31,"N","Intermountain Railway Co.",30100,,"Hopper, Covered, 50'","Covered Hopper","Family Lines","L&N","242313",,3.750,0.750,4.150,3.000,16120251,,,,,,
32,"N","Intermountain Railway Co.",30100,,"Hopper, Covered, 50'","Covered Hopper","Family Lines","SCL","242865",,3.750,0.750,4.150,3.000,16120251,,,,,,
33,"N","Precision Masters",30100,,"Hopper, Covered, 50'","Covered Hopper","Albert City Coop","RRAX","4297",,3.750,0.750,4.150,3.000,16711808,,,,,,
34,"N","Precision Masters",30100,,"Hopper, Covered, 50'","Covered Hopper","Aurora Coop","ACOX","2",,3.750,0.750,4.150,3.000,16120251,,,,,,
35,"N","Precision Masters",30100,,"Hopper, Covered, 50'","Covered Hopper","Farnhamville Iowa","RRAX","4295",,3.750,0.750,4.150,3.000,16711808,,,,,,
36,"N","Precision Masters",30100,,"Hopper, Covered, 50'","Covered Hopper","Klemme Coop","DJRX","661",,3.750,0.750,4.150,3.000,16744640,,,,,,
37,"N","Precision Masters",30100,,"Hopper, Covered, 50'","Covered Hopper","Klemme Coop","RREX","4209",,3.750,0.750,4.150,3.000,16744640,,,,,,
38,"N","Precision Masters",30100,,"Hopper, Covered, 50'","Covered Hopper","Missouri Pacific","C&EI","716601",,3.750,0.750,4.150,3.000,16120251,,,,,,
39,"N","Precision Masters",30100,,"Hopper, Covered, 50'","Covered Hopper","Missouri Pacific","C&EI","716601",,3.750,0.750,4.150,3.000,16120251,,,,,,
40,"N","Precision Masters",30100,,"Hopper, Covered, 50'","Covered Hopper","Missouri Pacific","MP","716129",,3.750,0.750,4.150,3.000,16120251,,,,,,
41,"N","Precision Masters",30100,,"Hopper, Covered, 50'","Covered Hopper","Missouri Pacific","MP","716129",,3.750,0.750,4.150,3.000,16120251,,,,,,
42,"N","Precision Masters",30100,,"Hopper, Covered, 50'","Covered Hopper","Missouri Pacific","MP","716379",,3.750,0.750,4.150,3.000,16120251,,,,,,
43,"N","Precision Masters",30100,,"Hopper, Covered, 50'","Covered Hopper","Missouri Pacific","MP","716379",,3.750,0.750,4.150,3.000,16120251,,,,,,
44,"N","Precision Masters",30100,,"Hopper, Covered, 50'","Covered Hopper","Ralston-Jefferson","NAHX","55217",,3.750,0.750,4.150,3.000,16711808,,,,,,
45,"N","Precision Masters",30100,,"Hopper, Covered, 50'","Covered Hopper","Rio Grande","DRGW","15650",,3.750,0.750,4.150,3.000,16744512,,,,,,
46,"N","Precision Masters",30100,,"Hopper, Covered, 50'","Covered Hopper","Sand Of Iowa","PLCX","18624",,3.750,0.750,4.150,3.000,16744640,,,,,,
47,"N","Precision Masters",30100,,"Hopper, Covered, 50'","Covered Hopper","The Rock",,"132764",,3.750,0.750,4.150,3.000,33023,,,,,,
48,"N","Precision Masters",30100,,"Hopper, Covered, 50'","Covered Hopper","West Central","PLCX","26501",,3.750,0.750,4.150,3.000,16711808,,,,,,
49,"N","Atlas",30100,,"Hopper, Cyl, 50'","Covered Hopper","Undecorated",,"26501",,3.825,0.794,4.225,3.150,8388608,,,,,,
50,"N","Atlas",30100,,"Hopper, Cyl, 50'","Covered Hopper","Undecorated",,"26501",,3.825,0.794,4.225,3.150,8388608,,,,,,
51,"N","Atlas",30100,,"Hopper, Cyl, 50'","Covered Hopper","Undecorated",,"26501",,3.825,0.794,4.225,3.150,8388608,,,,,,
52,"N","Atlas",30100,,"Hopper, Cyl, 50'","Covered Hopper","Undecorated",,"26501",,3.825,0.794,4.225,3.150,16120251,,,,,,
53,"N","Atlas",30100,,"Hopper, Cyl, 50'","Covered Hopper","Family Lines","SCL","260020",,3.825,0.794,4.225,3.150,16776960,,,,,,
54,"N","Atlas",30100,,"Hopper, Cyl, 50'","Covered Hopper","Family Lines","SCL","260022",,3.825,0.794,4.225,3.150,16776960,,,,,,
55,"N","Atlas",30100,,"Hopper, Cyl, 50'","Covered Hopper","Family Lines","SCL","260022",,3.825,0.794,4.225,3.150,16776960,,,,,,
56,"N","Atlas",30100,,"Hopper, Cyl, 50'","Covered Hopper","Southern Pacific","SP","490567",,3.825,0.794,4.225,3.150,12632256,,,,,,
57,"N","Atlas ",30100,,"Hopper, Cyl, 50'","Covered Hopper","L&N","L&N",,,3.825,0.794,4.225,3.150,12632256,,,,,,
58,"N","Atlas ",30100,,"Hopper, Cyl, 50'","Covered Hopper","L&N","L&N",,,3.825,0.794,4.225,3.150,12632256,,,,,,
59,"N","Intermountain Railway Co.",30100,,"Hopper, Cyl, 50'","Covered Hopper","Canada","CPWX","606429",,3.825,0.794,4.225,3.150,8388672,,,,,,
60,"N","Intermountain Railway Co.",30100,,"Hopper, Cyl, 50'","Covered Hopper",,"FLIX","2633",,3.825,0.794,4.225,3.150,12632256,,,,,,
61,"N","Atlas",30100,,"Box, 50'","Box Car","L&N","L&N","102735",,3.800,0.787,4.200,3.069,160,,,,,,
62,"N","Atlas",30100,,"Box, 50'","Box Car","L&N","L&N","102735",,3.800,0.787,4.200,3.069,160,,,,,,
63,"N","Atlas",30100,,"Box, 50'","Box Car","L&N","L&N","102735",,3.800,0.787,4.200,3.069,160,,,,,,
64,"N","Atlas",30100,,"Box, 50'","Box Car","L&N","L&N","102927",,3.800,0.787,4.200,3.069,160,,,,,,
65,"N","Atlas",30100,,"Box, 50'","Box Car","L&N","L&N","102927",,3.800,0.787,4.200,3.069,160,,,,,,
66,"N","Micro-Trains",30100,,"Box, 50'","Box Car","Cotton Belt",,"67317",,3.800,0.787,4.200,3.069,8405056,,,,,,
67,"N","Micro-Trains",30100,,"Box, 50'","Box Car","L&N","L&N","103783",,3.800,0.787,4.200,3.069,160,,,,,,
68,"N","Micro-Trains",30100,,"Box, 50'","Box Car","RailBox","RBOX","31558",,3.800,0.787,4.200,3.069,16776960,,,,,,
69,"N","Micro-Trains",30100,,"Box, 50'","Box Car","RailBox","RBOX","31558",,3.800,0.787,4.200,3.069,16776960,,,,,,
70,"N","Micro-Trains",30100,,"Box, 50'","Box Car","RailBox","RBOX","31562",,3.800,0.787,4.200,3.069,16776960,,,,,,
71,"N","Micro-Trains",30100,,"Box, 50'","Box Car","RailBox","RBOX","31562",,3.800,0.787,4.200,3.069,16776960,,,,,,
72,"N","Micro-Trains",30100,,"Box, 50'","Box Car","RailBox","RBOX","31574",,3.800,0.787,4.200,3.069,16776960,,,,,,
73,"N","Roundhouse / MDC",30100,,"Box, 50'","Box Car","Amador Central",,"1031",,3.800,0.787,4.200,3.069,32960,,,,,,
74,"N","Roundhouse / MDC",30100,,"Box, 50'","Box Car","Apache Railway Co.",,"1782",,3.800,0.787,4.200,3.069,65535,,,,,,
75,"N","Roundhouse / MDC",30100,,"Box, 50'","Box Car","Baltimore and Ohio","B&O","484724",,3.800,0.787,4.200,3.069,16512,,,,,,
76,"N","Roundhouse / MDC",30100,,"Box, 50'","Box Car","Baltimore and Ohio","B&O","484728",,3.800,0.787,4.200,3.069,16512,,,,,,
77,"N","Roundhouse / MDC",30100,,"Box, 50'","Box Car","Bath and Hammondsport Railroad",,"25119",,3.800,0.787,4.200,3.069,8405056,,,,,,
78,"N","Roundhouse / MDC",30100,,"Box, 50'","Box Car","Bath and Hammondsport Railroad",,"25126",,3.800,0.787,4.200,3.069,8405056,,,,,,
79,"N","Roundhouse / MDC",30100,,"Box, 50'","Box Car","Burlington Northern","BN","315729",,3.800,0.787,4.200,3.069,32768,,,,,,
80,"N","Roundhouse / MDC",30100,,"Box, 50'","Box Car","Burlington Northern","BN","315729",,3.800,0.787,4.200,3.069,32768,,,,,,
81,"N","Roundhouse / MDC",30100,,"Box, 50'","Box Car","Burlington Northern","BN","332118",,3.800,0.787,4.200,3.069,32768,,,,,,
82,"N","Roundhouse / MDC",30100,,"Box, 50'","Box Car","Burlington Northern","BN","332139",,3.800,0.787,4.200,3.069,32768,,,,,,
83,"N","Roundhouse / MDC",30100,,"Box, 50'","Box Car","Camino Placerville and Lake Tahoe",,"7738",,3.800,0.787,4.200,3.069,32832,,,,,,
84,"N","Roundhouse / MDC",30100,,"Box, 50'","Box Car","Chessie System","C&O","480222",,3.800,0.787,4.200,3.069,16512,,,,,,
85,"N","Roundhouse / MDC",30100,,"Box, 50'","Box Car","Chessie System","C&O","480234",,3.800,0.787,4.200,3.069,16512,,,,,,
86,"N","Roundhouse / MDC",30100,,"Box, 50'","Box Car","Chessie System","C&O","495671",,3.800,0.787,4.200,3.069,16512,,,,,,
87,"N","Roundhouse / MDC",30100,,"Box, 50'","Box Car","Chicago Northwestern","CNW","61624",,3.800,0.787,4.200,3.069,8405056,,,,,,
88,"N","Roundhouse / MDC",30100,,"Box, 50'","Box Car","Chicago Northwestern","CNW","161838",,3.800,0.787,4.200,3.069,8405056,,,,,,
89,"N","Roundhouse / MDC",30100,,"Box, 50'","Box Car","Chicago Northwestern","CNW","161881",,3.800,0.787,4.200,3.069,8405056,,,,,,
90,"N","Roundhouse / MDC",30100,,"Box, 50'","Box Car","Chicago Northwestern","CNW","719063",,3.800,0.787,4.200,3.069,16777088,,,,,,
91,"N","Roundhouse / MDC",30100,,"Box, 50'","Box Car","CSX","CSX","139248",,3.800,0.787,4.200,3.069,16512,,,,,,
92,"N","Roundhouse / MDC",30100,,"Box, 50'","Box Car","East St. Louis Junction Railroad",,"7724",,3.800,0.787,4.200,3.069,16777088,,,,,,
93,"N","Roundhouse / MDC",30100,,"Box, 50'","Box Car","East St. Louis Junction Railroad",,"7724",,3.800,0.787,4.200,3.069,16777088,,,,,,
94,"N","Roundhouse / MDC",30100,,"Box, 50'","Box Car","Family Lines","L&N","480126",,3.800,0.787,4.200,3.069,8388608,,,,,,
95,"N","Roundhouse / MDC",30100,,"Box, 50'","Box Car","Family Lines","L&N","480126",,3.800,0.787,4.200,3.069,8388608,,,,,,
96,"N","Roundhouse / MDC",30100,,"Box, 50'","Box Car","Family Lines","L&N","480134",,3.800,0.787,4.200,3.069,8388608,,,,,,
97,"N","Roundhouse / MDC",30100,,"Box, 50'","Box Car","Green Bay and Western","GBW","2724",,3.800,0.787,4.200,3.069,16776960,,,,,,
98,"N","Roundhouse / MDC",30100,,"Box, 50'","Box Car","Green Bay and Western","GBW","2729",,3.800,0.787,4.200,3.069,16776960,,,,,,
99,"N","Roundhouse / MDC",30100,,"Box, 50'","Box Car","Illinois Terminal",,"7486",,3.800,0.787,4.200,3.069,16744448,,,,,,
100,"N","Roundhouse / MDC",30100,,"Box, 50'","Box Car","Illinois Terminal",,"7489",,3.800,0.787,4.200,3.069,16744448,,,,,,
101,"N","Roundhouse / MDC",30100,,"Box, 50'","Box Car","Maine Central",,"29212",,3.800,0.787,4.200,3.069,16744448,,,,,,
102,"N","Roundhouse / MDC",30100,,"Box, 50'","Box Car","Maine Central",,"29216",,3.800,0.787,4.200,3.069,16744448,,,,,,
103,"N","Roundhouse / MDC",30100,,"Box, 50'","Box Car","Milwaukee Road",,"29216",,3.800,0.787,4.200,3.069,8405056,,,,,,
104,"N","Roundhouse / MDC",30100,,"Box, 50'","Box Car","Minnesota Dakota and Western","MDW","8069",,3.800,0.787,4.200,3.069,32832,,,,,,
105,"N","Roundhouse / MDC",30100,,"Box, 50'","Box Car","Minnesota Dakota and Western","MDW","10133",,3.800,0.787,4.200,3.069,32832,,,,,,
106,"N","Roundhouse / MDC",30100,,"Box, 50'","Box Car","Mississippi Export Railroad",,"982",,3.800,0.787,4.200,3.069,15191847,,,,,,
107,"N","Roundhouse / MDC",30100,,"Box, 50'","Box Car","Mississippi Export Railroad",,"986",,3.800,0.787,4.200,3.069,15191847,,,,,,
108,"N","Roundhouse / MDC",30100,,"Box, 50'","Box Car","New Orleans Public Belt Railroad",,"3690",,3.800,0.787,4.200,3.069,16744448,,,,,,
109,"N","Roundhouse / MDC",30100,,"Box, 50'","Box Car","New Orleans Public Belt Railroad",,"3690",,3.800,0.787,4.200,3.069,16744448,,,,,,
110,"N","Roundhouse / MDC",30100,,"Box, 50'","Box Car","Pickens Railroad",,"55272",,3.800,0.787,4.200,3.069,65535,,,,,,
111,"N","Roundhouse / MDC",30100,,"Box, 50'","Box Car","Rio Grande","DRGW","64140",,3.800,0.787,4.200,3.069,16744512,,,,,,
112,"N","Roundhouse / MDC",30100,,"Box, 50'","Box Car","Rio Grande","DRGW","64146",,3.800,0.787,4.200,3.069,16744512,,,,,,
113,"N","Roundhouse / MDC",30100,,"Box, 50'","Box Car","Rock Island",,"27324",,3.800,0.787,4.200,3.069,8405056,,,,,,
114,"N","Roundhouse / MDC",30100,,"Box, 50'","Box Car","Rock Island",,"27326",,3.800,0.787,4.200,3.069,8405056,,,,,,
115,"N","Roundhouse / MDC",30100,,"Box, 50'","Box Car","Seaboard Coast Line","SCL","20530",,3.800,0.787,4.200,3.069,8405056,,,,,,
116,"N","Roundhouse / MDC",30100,,"Box, 50'","Box Car","Seaboard Coast Line","SCL","20535",,3.800,0.787,4.200,3.069,8405056,,,,,,
117,"N","Roundhouse / MDC",30100,,"Box, 50'","Box Car","Sierra Railroad",,"4044",,3.800,0.787,4.200,3.069,16744512,,,,,,
118,"N","Roundhouse / MDC",30100,,"Box, 50'","Box Car","Southern",,"531487",,3.800,0.787,4.200,3.069,8405056,,,,,,
119,"N","Roundhouse / MDC",30100,,"Box, 50'","Box Car","Southern",,"531492",,3.800,0.787,4.200,3.069,8405056,,,,,,
120,"N","Roundhouse / MDC",30100,,"Box, 50'","Box Car","Terminal Railway Alabama State Docks",,"78198",,3.800,0.787,4.200,3.069,16777088,,,,,,
121,"N","Roundhouse / MDC",30100,,"Box, 50'","Box Car",,,,,3.800,0.787,4.200,3.069,,,,,,,
122,"N","Roundhouse / MDC",30100,,"Box, 50'","Box Car","Union Pacific","UP","170591",,3.800,0.787,4.200,3.069,8405056,,,,,,
123,"N","Roundhouse / MDC",30100,,"Tank, 60'","Tank Car","ADMX",,"15392",,4.500,0.750,4.900,3.750,4671303,,,,,,
124,"N","Roundhouse / MDC",30100,,"Tank, 60'","Tank Car","ADMX",,"15551",,4.500,0.750,4.900,3.750,4671303,,,,,,
125,"N","Roundhouse / MDC",30100,,"Tank, 60'","Tank Car","ADMX",,"15850",,4.500,0.750,4.900,3.750,4671303,,,,,,
126,"N","Roundhouse / MDC",30100,,"Tank, 60'","Tank Car","ADMX",,"18010",,4.500,0.750,4.900,3.750,16777215,,,,,,
127,"N","Roundhouse / MDC",30100,,"Tank, 60'","Tank Car","ADMX",,"18021",,4.500,0.750,4.900,3.750,16777215,,,,,,
128,"N","Roundhouse / MDC",30100,,"Tank, 60'","Tank Car","CRGX",,"7245",,4.500,0.750,4.900,3.750,4671303,,,,,,
129,"N","Roundhouse / MDC",30100,,"Tank, 60'","Tank Car","GATX",,"22826",,4.500,0.750,4.900,3.750,16777215,,,,,,
130,"N","Roundhouse / MDC",30100,,"Tank, 60'","Tank Car","UELX",,"78606",,4.500,0.750,4.900,3.750,4671303,,,,,,
131,"N","Roundhouse / MDC",30100,,"Tank, 60'","Tank Car","UELX",,"78627",,4.500,0.750,4.900,3.750,4671303,,,,,,
132,"N","Roundhouse / MDC",30100,,"Tank, 60'","Tank Car","UTLX",,"72415",,4.500,0.750,4.900,3.750,4671303,,,,,,
133,"N","Roundhouse / MDC",30100,,"Tank, 60'","Tank Car","UTLX",,"72434",,4.500,0.750,4.900,3.750,4671303,,,,,,
134,"N","Roundhouse / MDC",30100,,"Tank, 60'","Tank Car","UTLX",,"86901",,4.500,0.750,4.900,3.750,16777215,,,,,,
135,"N","Atlas",30100,,"Reefer, 50'","Reefer","Fruit Growers Express","B&O","403107",,3.750,0.787,4.150,3.013,16702755,,,,,,
136,"N","Atlas",30100,,"Reefer, 50'","Reefer","Fruit Growers Express","SCL","996516",,3.750,0.787,4.150,3.013,16702755,,,,,,
137,"N","Atlas",30100,,"Reefer, 50'","Reefer","Fruit Growers Express","SCL","996516",,3.750,0.787,4.150,3.013,16702755,,,,,,
138,"N","Roundhouse / MDC",30100,,"Gondola, 50'","Open Gondola","RailGon","DRGW","310700",,3.750,0.787,4.150,2.962,16702755,,,,,,
139,"N","Roundhouse / MDC",30100,,"Gondola, 50'","Open Gondola","RailGon","GONX","310153",,3.750,0.787,4.150,2.962,16702755,,,,,,
140,"N","Roundhouse / MDC",30100,,"Gondola, 50'","Open Gondola","RailGon","GONX","310166",,3.750,0.787,4.150,2.962,16702755,,,,,,
141,"N","Roundhouse / MDC",30100,,"Gondola, 50'","Open Gondola","Soo Line",,"68476",,3.750,0.787,4.150,2.962,8405056,,,,,,
142,"N","Micro-Trains",30100,,"Tank, 60'","Tank Car","ACFX",,"87281",,4.500,0.750,4.900,3.750,4671303,,,,,,
143,"N","Micro-Trains",30100,,"Tank, 60'","Tank Car","ACFX",,"87281",,4.500,0.750,4.900,3.750,4671303,,,,,,
144,"N","Micro-Trains",30100,,"Tank, 60'","Tank Car","ACFX",,"87281",,4.500,0.750,4.900,3.750,4671303,,,,,,
145,"N","Micro-Trains",30100,,"Tank, 60'","Tank Car","ACFX",,"87281",,4.500,0.750,4.900,3.750,4671303,,,,,,
146,"N","Micro-Trains",30100,,"Tank, 60'","Tank Car","ADMX",,"29866",,4.500,0.750,4.900,3.750,4671303,,,,,,
147,"N","Con-Cor",30100,,"Flat, 60'","Bulkhead Flat","Chessie System","C&O","9330",,4.500,0.750,4.900,3.712,16512,,,,,,
148,"N","Con-Cor",30100,,"Flat, 60'","Bulkhead Flat","Trailer Train","TTX","90274",,4.500,0.750,4.900,3.712,16776960,,,,,,
149,"N","Con-Cor",30100,,"Flat, 60'","Bulkhead Flat","Trailer Train","TTX","90274",,4.500,0.750,4.900,3.712,16776960,,,,,,
150,"N","Con-Cor",30100,,"Flat, 60'","Bulkhead Flat","Trailer Train","TTX","90274",,4.500,0.750,4.900,3.712,16776960,,,,,,
151,"N","Red Caboose",30100,,"Flat, 60'","Centerbeam Flat","BNSF","BNSF","559542",,4.500,0.750,4.900,3.712,8405056,,,,,,
152,"N","Red Caboose",30100,,"Flat, 60'","Centerbeam Flat","BNSF","BNSF","559557",,4.500,0.750,4.900,3.712,8405056,,,,,,
153,"N","Red Caboose",30100,,"Flat, 60'","Centerbeam Flat","BNSF","BNSF","559563",,4.500,0.750,4.900,3.712,8405056,,,,,,
154,"N","Con-Cor",30100,,"Box, 86'","Hi-Cube Box","Baltimore and Ohio","B&O","492013",,6.625,0.787,7.025,4.800,64,,,,,,
155,"N","Con-Cor",30100,,"Box, 86'","Hi-Cube Box","Chesapeake and Ohio","C&O","301012",,6.625,0.787,7.025,4.800,64,,,,,,
156,"N","Con-Cor",30100,,"Box, 86'","Hi-Cube Box","Chicago Northwestern","CNW","92025",,6.625,0.787,7.025,4.800,15191847,,,,,,
157,"N","Con-Cor",30100,,"Box, 86'","Hi-Cube Box","Chicago Northwestern","CNW","92031",,6.625,0.787,7.025,4.800,15191847,,,,,,
158,"N","Con-Cor",30100,,"Box, 86'","Hi-Cube Box","Conrail",,"238001",,6.625,0.787,7.025,4.800,8405056,,,,,,
159,"N","Con-Cor",30100,,"Box, 86'","Hi-Cube Box","Conrail",,"242378",,6.625,0.787,7.025,4.800,8405056,,,,,,
160,"N","Con-Cor",30100,,"Box, 86'","Hi-Cube Box","Illinois Central",,"44282",,6.625,0.787,7.025,4.800,16744448,,,,,,
161,"N","Con-Cor",30100,,"Box, 86'","Hi-Cube Box","Milwaukee Road",,"4793",,6.625,0.787,7.025,4.800,15191847,,,,,,
162,"N","Con-Cor",30100,,"Box, 86'","Hi-Cube Box","Milwaukee Road",,"4795",,6.625,0.787,7.025,4.800,15191847,,,,,,
163,"N","Con-Cor",30100,,"Box, 86'","Hi-Cube Box","Missouri Pacific","MP","271507",,6.625,0.787,7.025,4.800,8405056,,,,,,
164,"N","Con-Cor",30100,,"Box, 86'","Hi-Cube Box","Santa Fe","SF","36912",,6.625,0.787,7.025,4.800,16711680,,,,,,
165,"N","Con-Cor",30100,,"Box, 86'","Hi-Cube Box","Southern",,"42399",,6.625,0.787,7.025,4.800,8388608,,,,,,
166,"N","Con-Cor",30100,,"Box, 86'","Hi-Cube Box","Southern Pacific","SP","615539",,6.625,0.787,7.025,4.800,8405056,,,,,,
167,"N","Con-Cor",30100,,"Box, 86'","Hi-Cube Box","Wabash",,"55002",,6.625,0.787,7.025,4.800,4194304,,,,,,
168,"N","Con-Cor",30100,,"Flat, 89'","Auto Rack","Burlington Northern","BN","961532",,6.675,0.750,7.075,5.887,32768,,,,,,
169,"N","Con-Cor",30100,,"Flat, 89'","Auto Rack","Burlington Northern","BN","961547",,6.675,0.750,7.075,5.887,32768,,,,,,
170,"N","Con-Cor",30100,,"Flat, 89'","Auto Rack","Chicago Northwestern","CNW","820608",,6.675,0.750,7.075,5.887,16702755,,,,,,
171,"N","Con-Cor",30100,,"Flat, 89'","Auto Rack","CN Rail","CN","704221",,6.675,0.750,7.075,5.887,4671303,,,,,,
172,"N","Con-Cor",30100,,"Flat, 89'","Auto Rack","CN Rail","CN","704226",,6.675,0.750,7.075,5.887,4671303,,,,,,
173,"N","Con-Cor",30100,,"Flat, 89'","Auto Rack","CN Rail","CN","704226",,6.675,0.750,7.075,5.887,4671303,,,,,,
174,"N","Con-Cor",30100,,"Flat, 89'","Auto Rack","CN Rail","CN","704226",,6.675,0.750,7.075,5.887,4671303,,,,,,
175,"N","Con-Cor",30100,,"Flat, 89'","Auto Rack","Conrail",,"903170",,6.675,0.750,7.075,5.887,8405056,,,,,,
176,"N","Con-Cor",30100,,"Flat, 89'","Auto Rack","Conrail",,"903170",,6.675,0.750,7.075,5.887,8405056,,,,,,
177,"N","Con-Cor",30100,,"Flat, 89'","Auto Rack","Conrail",,"903178",,6.675,0.750,7.075,5.887,8405056,,,,,,
178,"N","Con-Cor",30100,,"Flat, 89'","Auto Rack","Conrail",,"903179",,6.675,0.750,7.075,5.887,8405056,,,,,,
179,"N","Con-Cor",30100,,"Flat, 89'","Auto Rack","Conrail",,"903179",,6.675,0.750,7.075,5.887,8405056,,,,,,
180,"N","Con-Cor",30100,,"Flat, 89'","Auto Rack","Grand Trunk",,"961523",,6.675,0.750,7.075,5.887,32960,,,,,,
181,"N","Con-Cor",30100,,"Flat, 89'","Auto Rack","Norfolk Southern",,"961523",,6.675,0.750,7.075,5.887,8388608,,,,,,
182,"N","Con-Cor",30100,,"Flat, 89'","Auto Rack","Rio Grande","DRGW","977037",,6.675,0.750,7.075,5.887,16744448,,,,,,
183,"N","Con-Cor",30100,,"Flat, 89'","Auto Rack","Santa Fe","SF","965940",,6.675,0.750,7.075,5.887,8388608,,,,,,
184,"N","Con-Cor",30100,,"Flat, 89'","Auto Rack","Santa Fe","SF","965942",,6.675,0.750,7.075,5.887,8388608,,,,,,
185,"N","Con-Cor",30100,,"Flat, 89'","Auto Rack","Santa Fe","SF","965942",,6.675,0.750,7.075,5.887,8388608,,,,,,
186,"N","Con-Cor",30100,,"Flat, 89'","Auto Rack","Santa Fe","SF","965947",,6.675,0.750,7.075,5.887,8388608,,,,,,
187,"N","Con-Cor",30100,,"Flat, 89'","Auto Rack","Soo Line",,"906873",,6.675,0.750,7.075,5.887,16711680,,,,,,
188,"N","Con-Cor",30100,,"Flat, 89'","Auto Rack","Soo Line",,"906876",,6.675,0.750,7.075,5.887,16711680,,,,,,
189,"N","Con-Cor",30100,,"Flat, 89'","Auto Rack","Southern",,"908073",,6.675,0.750,7.075,5.887,8405056,,,,,,
190,"N","Con-Cor",30100,,"Flat, 89'","Auto Rack","Southern",,"908075",,6.675,0.750,7.075,5.887,8405056,,,,,,
191,"N","Con-Cor",30100,,"Flat, 89'","Auto Rack","Southern",,"908079",,6.675,0.750,7.075,5.887,8405056,,,,,,
192,"N","Con-Cor",30100,,"Flat, 89'","Auto Rack","Southern Pacific","SP","516713",,6.675,0.750,7.075,5.887,8405056,,,,,,
193,"N","Con-Cor",30100,,"Flat, 89'","Auto Rack","Southern Pacific","SP","516713",,6.675,0.750,7.075,5.887,8405056,,,,,,
194,"N","Con-Cor",30100,,"Flat, 89'","Auto Rack","Southern Pacific","SP","516713",,6.675,0.750,7.075,5.887,8405056,,,,,,
195,"N","Con-Cor",30100,,"Flat, 89'","Auto Rack","Southern Pacific","SP","516775",,6.675,0.750,7.075,5.887,8405056,,,,,,
196,"N","Con-Cor",30100,,"Flat, 89'","Auto Rack","Southern Pacific","SP","516775",,6.675,0.750,7.075,5.887,8405056,,,,,,
197,"N","Con-Cor",30100,,"Flat, 89'","Auto Rack","Southern Pacific","SP","516775",,6.675,0.750,7.075,5.887,8405056,,,,,,
198,"N","Con-Cor",30100,,"Flat, 89'","Auto Rack","Southern Pacific","SP","516775",,6.675,0.750,7.075,5.887,8405056,,,,,,
199,"N","Micro-Trains",30100,,"Flat, 89'","COFC","Trailer Train","TTX","972210",,6.675,0.750,7.075,5.887,8405056,,,,,,
200,"N","Micro-Trains",30100,,"Flat, 89'","TOFC","Santa Fe","SF","295009",,6.675,0.750,7.075,5.887,16744512,,,,,,
201,"N","Micro-Trains",30100,,"Flat, 89'","TOFC","Trailer Train","TTX","252701",,6.700,0.750,7.100,5.912,16776960,,,,,,
202,"N","Micro-Trains",30100,,"Flat, 89'","TOFC","Trailer Train","TTX","252714",,6.700,0.750,7.100,5.912,16776960,,,,,,
203,"N","Micro-Trains",30100,,"Flat, 89'","TOFC","Trailer Train","TTX","252714",,6.700,0.750,7.100,5.912,16776960,,,,,,
204,"N","Micro-Trains",30100,,"Flat, 89'","TOFC","Trailer Train","TTX","252714",,6.700,0.750,7.100,5.912,16776960,,,,,,
205,"N","Micro-Trains",30100,,"Flat, 89'","TOFC","Trailer Train","TTX","252714",,6.700,0.750,7.100,5.912,16776960,,,,,,
206,"N","Micro-Trains",30100,,"Flat, 89'","TOFC","Trailer Train","TTX","252714",,6.700,0.750,7.100,5.912,16776960,,,,,,
207,"N","Micro-Trains",30100,,"Flat, 89'","TOFC","Trailer Train","TTX","252714",,6.700,0.750,7.100,5.912,16776960,,,,,,
208,"N","Micro-Trains",30100,,"Flat, 89'","TOFC","Trailer Train","TTX","252714",,6.700,0.750,7.100,5.912,16776960,,,,,,
209,"N","Micro-Trains",30100,,"Flat, 89'","TOFC","Trailer Train","TTX","252714",,6.700,0.750,7.100,5.912,16776960,,,,,,
210,"N","Micro-Trains",30100,,"Flat, 89'","TOFC","Trailer Train","TTX","252714",,6.700,0.750,7.100,5.912,16776960,,,,,,
211,"N","Micro-Trains",30100,,"Flat, 89'","TOFC","Trailer Train","TTX","252722",,6.700,0.750,7.100,5.912,16776960,,,,,,
212,"N","Micro-Trains",30100,,"Flat, 89'","TOFC","Trailer Train","TTX","252722",,6.700,0.750,7.100,5.912,16776960,,,,,,
213,"N","Micro-Trains",30100,,"Flat, 89'","TOFC","Trailer Train","TTX","252731",,6.700,0.750,7.100,5.912,16776960,,,,,,
214,"N","Atlas",30100,,"Flat, 50'","Front Runner","Trailer Train","TTX","120007",,3.750,0.787,4.150,3.013,16776960,,,,,,
215,"N","Atlas",30100,,"Flat, 50'","Front Runner","Trailer Train","TTX","121178",,3.750,0.787,4.150,3.013,16776960,,,,,,
216,"N","Atlas",30100,,"Flat, 50'","Front Runner","Trailer Train","TTX","121380",,3.750,0.787,4.150,3.013,16776960,,,,,,
217,"N","Atlas",30100,,"Flat, 50'","Front Runner","Trailer Train","TTX","121875",,3.750,0.787,4.150,3.013,16776960,,,,,,
218,"N","Atlas",30100,,"Flat, 50'","Front Runner","Trailer Train","TTX","130017",,3.750,0.787,4.150,3.013,16776960,,,,,,
219,"N","Atlas",30100,,"Flat, 50'","Front Runner","Trailer Train","TTX","130230",,3.750,0.787,4.150,3.013,16776960,,,,,,
220,"N","Atlas",30100,,"Flat, 50'","Front Runner","Trailer Train","TTX","135688",,3.750,0.787,4.150,3.013,16776960,,,,,,
221,"N","Atlas",30100,,"Flat, 50'","Front Runner","Trailer Train","TTX","140117",,3.750,0.787,4.150,3.013,16776960,,,,,,
222,"N","Atlas",30100,,"Flat, 50'","Front Runner","Trailer Train","TTX","149952",,3.750,0.787,4.150,3.013,16776960,,,,,,
223,"N","Micro-Trains",30100,,"Caboose, 34' Cupola","Caboose","Missouri Pacific","MP","13075",,2.550,0.750,2.950,1.800,16711680,,,,,,
224,"N","Micro-Trains",30100,,"Caboose, 34' Cupola","Caboose","Missouri Pacific","MP","13075",,2.550,0.750,2.950,1.800,16711680,,,,,,
225,"N","Kato Custom",30100,,"Caboose, 34' Cupola","Caboose","L&N","L&N","13075",256,2.550,0.750,2.950,1.800,16711680,,,,,,"Short Bay Window"
226,"N","Atlas",30100,,"Caboose, Ext Vision","Caboose","Family Lines","SCL","05710",,2.931,0.800,3.331,2.181,8421504,,,,,,
227,"N","Atlas Custom",30100,,"Hopper, Centerflow, 50'","Covered Hopper","L&N","L&N","240412",,3.900,0.794,4.300,3.225,12632256,,,,,,
228,"N","Atlas Custom",30100,,"Hopper, Centerflow, 50'","Covered Hopper","L&N","L&N","None",,3.900,0.794,4.300,3.225,12632256,,,,,,
229,"N","Atlas Custom",30100,,"Hopper, Centerflow, 50'","Covered Hopper","L&N","L&N","241204",,3.900,0.794,4.300,3.225,12632256,,,,,,
